epoch,time,train/box_loss,train/cls_loss,train/dfl_loss,metrics/precision(B),metrics/recall(B),metrics/mAP50(B),metrics/mAP50-95(B),val/box_loss,val/cls_loss,val/dfl_loss,lr/pg0,lr/pg1,lr/pg2
1,89.2869,1.54459,2.32865,1.74591,0.43719,0.07599,0.05754,0.0291,nan,nan,nan,0.00166172,0.00166172,0.00166172
2,158.77,1.64271,2.2385,1.81701,0.24577,0.31497,0.23845,0.12894,nan,nan,nan,0.00332757,0.00332757,0.00332757
3,232.082,1.528,2.13663,1.71017,0.26142,0.40525,0.27081,0.16814,1.3587,2.20386,1.63993,0.00499013,0.00499013,0.00499013
4,300.707,1.46683,2.14443,1.67983,0.18338,0.56608,0.27489,0.18646,1.21938,2.19719,1.48043,0.00498892,0.00498892,0.00498892
5,372.986,1.38848,1.99546,1.61897,0.29114,0.41149,0.32404,0.21062,1.19168,1.90666,1.47498,0.00498031,0.00498031,0.00498031
6,441.291,1.36599,1.95763,1.61626,0.64149,0.33493,0.36623,0.2504,1.21858,1.67611,1.46623,0.00496925,0.00496925,0.00496925
7,508.991,1.31434,1.84669,1.58735,0.39507,0.4862,0.46272,0.30559,1.17227,1.53623,1.44703,0.00495576,0.00495576,0.00495576
8,576.984,1.27261,1.79103,1.54152,0.32559,0.50383,0.43596,0.31007,1.12835,1.6201,1.42926,0.00493985,0.00493985,0.00493985
9,646.078,1.26496,1.80039,1.54545,0.3141,0.6094,0.45868,0.32044,1.08049,1.55919,1.38379,0.00492154,0.00492154,0.00492154
10,716.494,1.2329,1.67081,1.50874,0.43237,0.56063,0.52434,0.37797,1.0494,1.41474,1.37593,0.00490083,0.00490083,0.00490083
11,781.407,1.23264,1.6743,1.51748,0.47404,0.59081,0.5802,0.42023,0.97429,1.33088,1.29656,0.00487776,0.00487776,0.00487776
12,850.833,1.18167,1.61248,1.48054,0.51586,0.54578,0.54828,0.41537,0.97531,1.34229,1.28263,0.00485235,0.00485235,0.00485235
13,916.412,1.18581,1.57454,1.47952,0.53077,0.5952,0.5902,0.42631,0.94774,1.28544,1.30209,0.00482462,0.00482462,0.00482462
14,987.43,1.13508,1.57595,1.44422,0.39957,0.51627,0.49683,0.36701,0.92825,1.42159,1.26757,0.00479459,0.00479459,0.00479459
15,1052.66,1.09513,1.4923,1.42491,0.55972,0.64783,0.59551,0.43627,0.93417,1.23112,1.24478,0.00476231,0.00476231,0.00476231
16,1123.67,1.12099,1.47558,1.44215,0.52987,0.69298,0.65236,0.49696,0.88485,1.21544,1.22872,0.00472779,0.00472779,0.00472779
17,1190.73,1.10823,1.51459,1.41988,0.5727,0.55485,0.60198,0.44564,0.93537,1.25524,1.2557,0.00469108,0.00469108,0.00469108
18,1255.9,1.09331,1.47723,1.41997,0.57423,0.66349,0.64065,0.48089,0.8972,1.15088,1.25356,0.0046522,0.0046522,0.0046522
19,1320.96,1.10047,1.49765,1.4211,0.67864,0.56492,0.65804,0.49227,0.9307,1.16006,1.25989,0.00461121,0.00461121,0.00461121
20,1385.59,1.07769,1.43653,1.40096,0.60423,0.61986,0.65239,0.51509,0.87375,1.13289,1.21166,0.00456813,0.00456813,0.00456813
21,1454.55,1.08034,1.46341,1.40002,0.66969,0.62061,0.67045,0.51546,0.87388,1.10233,1.21027,0.00452302,0.00452302,0.00452302
22,1521.49,1.09448,1.48961,1.41706,0.70026,0.58497,0.68138,0.52156,0.87461,1.10176,1.21131,0.00447591,0.00447591,0.00447591
23,1586.81,1.04642,1.34032,1.39193,0.58591,0.65207,0.66436,0.52319,0.86058,1.11818,1.20211,0.00442686,0.00442686,0.00442686
24,1651.23,1.02983,1.37336,1.37781,0.58777,0.70324,0.65197,0.49989,0.82526,1.08248,1.19159,0.0043759,0.0043759,0.0043759
25,1715.84,1.07862,1.46247,1.40914,0.69328,0.66705,0.68545,0.52639,0.8306,1.0434,1.1774,0.0043231,0.0043231,0.0043231
26,1783.62,1.0277,1.36444,1.36894,0.58497,0.68162,0.69276,0.54157,0.81929,1.04394,1.17363,0.0042685,0.0042685,0.0042685
27,1852.91,1.00754,1.33556,1.36277,0.69248,0.69088,0.71824,0.56646,0.82455,1.01616,1.19451,0.00421216,0.00421216,0.00421216
28,1918.47,1.00778,1.33851,1.35368,0.6761,0.63647,0.69901,0.55786,0.82525,1.04003,1.16457,0.00415413,0.00415413,0.00415413
29,1983.25,1.00771,1.31242,1.35295,0.73778,0.63077,0.70541,0.56414,0.80092,1.08398,1.14735,0.00409447,0.00409447,0.00409447
30,2049.28,1.0008,1.31359,1.35548,0.68034,0.61007,0.69517,0.55109,0.82887,0.99213,1.16488,0.00403324,0.00403324,0.00403324
31,2114.18,0.98108,1.2755,1.33922,0.69161,0.65569,0.70913,0.55355,0.82456,0.98668,1.16691,0.00397049,0.00397049,0.00397049
32,2184.52,0.99724,1.27608,1.34334,0.67952,0.65492,0.70826,0.56438,0.7996,1.00215,1.15701,0.0039063,0.0039063,0.0039063
33,2248.91,0.96263,1.22244,1.32527,0.68728,0.68929,0.72222,0.58642,0.79236,0.97306,1.14189,0.00384073,0.00384073,0.00384073
34,2318.25,0.9856,1.23329,1.34543,0.80953,0.64237,0.74644,0.60245,0.77746,0.93439,1.1232,0.00377383,0.00377383,0.00377383
35,2383.71,0.99164,1.28129,1.36046,0.76464,0.67576,0.73915,0.60149,0.7621,0.92869,1.12494,0.00370568,0.00370568,0.00370568
36,2448.58,0.9711,1.22834,1.33504,0.76747,0.67526,0.74322,0.59087,0.80865,0.94924,1.14074,0.00363634,0.00363634,0.00363634
37,2514.48,0.96389,1.23372,1.33129,0.74712,0.68786,0.75406,0.60027,0.77896,0.88841,1.13132,0.00356588,0.00356588,0.00356588
38,2580.02,0.91247,1.14856,1.30302,0.75959,0.69173,0.73937,0.60275,0.76406,0.92906,1.12672,0.00349438,0.00349438,0.00349438
39,2644.52,0.94794,1.21392,1.31743,0.72001,0.6926,0.75284,0.61568,0.75945,0.93274,1.12092,0.00342189,0.00342189,0.00342189
40,2709.26,0.93642,1.18955,1.30437,0.7203,0.67589,0.73254,0.59509,0.77612,0.91457,1.11275,0.0033485,0.0033485,0.0033485
41,2773.96,0.95064,1.22265,1.31764,0.81536,0.67175,0.76914,0.62508,0.77259,0.90706,1.11614,0.00327427,0.00327427,0.00327427
42,2840.27,0.91943,1.13444,1.2925,0.7233,0.68248,0.75686,0.61878,0.73209,0.89322,1.09472,0.00319928,0.00319928,0.00319928
43,2905.08,0.94518,1.16514,1.31149,0.73704,0.67123,0.75024,0.5978,0.77287,0.9213,1.1379,0.0031236,0.0031236,0.0031236
44,2969.46,0.9411,1.19386,1.32215,0.74979,0.69998,0.7655,0.61706,0.75323,0.88296,1.10188,0.00304731,0.00304731,0.00304731
45,3034.47,0.92007,1.12201,1.29635,0.77363,0.7343,0.7794,0.63942,0.73305,0.84743,1.09808,0.00297048,0.00297048,0.00297048
46,3099.66,0.92239,1.1607,1.28348,0.79875,0.71535,0.78749,0.65091,0.7239,0.80297,1.09226,0.0028932,0.0028932,0.0028932
47,3170.43,0.90285,1.11153,1.27621,0.7952,0.67269,0.76929,0.63099,0.71419,0.84634,1.07689,0.00281552,0.00281552,0.00281552
48,3234.45,0.91964,1.12622,1.30082,0.75331,0.71803,0.78416,0.64635,0.72479,0.81208,1.08479,0.00273754,0.00273754,0.00273754
49,3298.48,0.8853,1.10666,1.27872,0.81139,0.69977,0.79622,0.6517,0.7123,0.81063,1.08329,0.00265932,0.00265932,0.00265932
50,3368.55,0.90913,1.13216,1.28583,0.80589,0.70218,0.80053,0.65413,0.72162,0.80168,1.09526,0.00258095,0.00258095,0.00258095
51,3437.99,0.89064,1.09206,1.27761,0.71949,0.72222,0.77817,0.64282,0.69733,0.82845,1.07978,0.0025025,0.0025025,0.0025025
52,3505.62,0.86254,1.06331,1.25201,0.86851,0.68252,0.80605,0.67084,0.7021,0.7617,1.07784,0.00242405,0.00242405,0.00242405
53,3570.39,0.84142,1.02571,1.23764,0.79954,0.70455,0.79607,0.65866,0.68452,0.78231,1.06137,0.00234568,0.00234568,0.00234568
54,3634.79,0.84767,1.03321,1.24249,0.79445,0.69808,0.78466,0.65513,0.68123,0.76688,1.06498,0.00226746,0.00226746,0.00226746
55,3698.92,0.87485,1.04948,1.2594,0.76146,0.74955,0.81355,0.67318,0.7072,0.76678,1.06095,0.00218948,0.00218948,0.00218948
56,3763.45,0.84603,1.02799,1.23975,0.878,0.69384,0.82114,0.68112,0.68724,0.73771,1.06778,0.0021118,0.0021118,0.0021118
57,3832.67,0.86786,1.03262,1.25359,0.84695,0.72981,0.82235,0.68273,0.69093,0.74581,1.05583,0.00203452,0.00203452,0.00203452
58,3900.5,0.85899,1.05909,1.24969,0.82178,0.74112,0.82504,0.68392,0.68096,0.73163,1.0586,0.00195769,0.00195769,0.00195769
59,3970.06,0.84559,1.02355,1.24734,0.85599,0.71914,0.81782,0.67938,0.69138,0.7474,1.06397,0.0018814,0.0018814,0.0018814
60,4034.21,0.83319,1.02101,1.24233,0.859,0.72555,0.81706,0.68624,0.67749,0.73029,1.05146,0.00180572,0.00180572,0.00180572
61,4098.38,0.83245,1.00573,1.23039,0.85592,0.73048,0.83182,0.70056,0.65319,0.70678,1.03455,0.00173073,0.00173073,0.00173073
62,4166.58,0.81411,0.97523,1.22657,0.84533,0.71467,0.82318,0.68908,0.66252,0.72368,1.04751,0.0016565,0.0016565,0.0016565
63,4229.62,0.82981,0.99396,1.23887,0.83838,0.72836,0.82846,0.69256,0.65866,0.69656,1.04312,0.00158311,0.00158311,0.00158311
64,4292.78,0.85138,1.00992,1.24497,0.86713,0.73126,0.83398,0.70049,0.65338,0.68825,1.0346,0.00151062,0.00151062,0.00151062
65,4360.92,0.8222,0.94784,1.22564,0.86177,0.73581,0.82567,0.69091,0.66409,0.69176,1.03886,0.00143912,0.00143912,0.00143912
66,4424.25,0.84965,0.99336,1.25226,0.86226,0.72517,0.83873,0.7038,0.65436,0.67383,1.03213,0.00136866,0.00136866,0.00136866
67,4492.66,0.816,0.95316,1.22588,0.82039,0.76105,0.83987,0.69728,0.65762,0.6771,1.03503,0.00129932,0.00129932,0.00129932
68,4556.23,0.83765,0.9881,1.24361,0.90566,0.70712,0.84058,0.71231,0.63801,0.64732,1.0319,0.00123117,0.00123117,0.00123117
69,4620.73,0.80985,0.95927,1.22367,0.81518,0.78038,0.84127,0.71038,0.64056,0.67115,1.02781,0.00116427,0.00116427,0.00116427
70,4685.2,0.78957,0.91089,1.2146,0.87952,0.70944,0.84295,0.71588,0.62589,0.65763,1.0122,0.0010987,0.0010987,0.0010987
71,4748.83,0.79619,0.92189,1.2147,0.8339,0.74681,0.84672,0.71736,0.62514,0.64075,1.02041,0.00103451,0.00103451,0.00103451
72,4818.41,0.80033,0.90704,1.20184,0.89429,0.71798,0.84443,0.71637,0.62849,0.65547,1.00631,0.000971765,0.000971765,0.000971765
73,4882.19,0.78752,0.89713,1.20342,0.87498,0.74073,0.85699,0.71836,0.62631,0.62751,1.00985,0.000910534,0.000910534,0.000910534
74,4950.82,0.79061,0.9212,1.2084,0.82174,0.79793,0.85923,0.72427,0.60791,0.61891,1.00818,0.000850874,0.000850874,0.000850874
75,5020.63,0.77671,0.90832,1.21331,0.87675,0.74403,0.85963,0.72543,0.60918,0.61346,1.00256,0.000792844,0.000792844,0.000792844
76,5084.39,0.77637,0.89905,1.20004,0.8358,0.78183,0.85584,0.72465,0.61566,0.61311,1.00276,0.000736501,0.000736501,0.000736501
77,5147.93,0.77269,0.88703,1.20255,0.83148,0.79183,0.85825,0.72852,0.61878,0.6117,1.01414,0.000681901,0.000681901,0.000681901
78,5217.48,0.77411,0.88065,1.19468,0.86158,0.77075,0.8603,0.72807,0.61733,0.60134,1.01409,0.000629098,0.000629098,0.000629098
79,5280.89,0.77084,0.85677,1.19166,0.87594,0.77161,0.86713,0.73865,0.60046,0.59876,1.00207,0.000578143,0.000578143,0.000578143
80,5345.1,0.74898,0.87227,1.18292,0.8914,0.74894,0.8605,0.73596,0.61066,0.60003,1.00569,0.000529088,0.000529088,0.000529088
81,5408.55,0.75337,0.8594,1.18836,0.86639,0.78524,0.86604,0.73661,0.60967,0.59155,1.00807,0.00048198,0.00048198,0.00048198
82,5472.21,0.75225,0.83395,1.18342,0.90109,0.75091,0.86756,0.73931,0.60445,0.58853,1.00437,0.000436866,0.000436866,0.000436866
83,5541.12,0.74611,0.84346,1.18511,0.89596,0.76743,0.86816,0.73721,0.59597,0.58915,0.99834,0.000393791,0.000393791,0.000393791
84,5605.1,0.74264,0.82408,1.18292,0.84978,0.79756,0.87109,0.73865,0.5987,0.57842,0.99683,0.000352797,0.000352797,0.000352797
85,5669.9,0.76551,0.84812,1.19494,0.88448,0.77875,0.871,0.74148,0.59951,0.58273,0.99231,0.000313924,0.000313924,0.000313924
86,5738.89,0.73993,0.83493,1.18253,0.83428,0.81615,0.87208,0.74718,0.59459,0.57359,0.99325,0.000277211,0.000277211,0.000277211
87,5807.58,0.73848,0.82728,1.17752,0.86603,0.79942,0.87532,0.74717,0.59451,0.56443,0.99646,0.000242694,0.000242694,0.000242694
88,5877.06,0.74148,0.83834,1.18528,0.88981,0.7818,0.87411,0.74927,0.59097,0.5709,0.99309,0.000210408,0.000210408,0.000210408
89,5946.94,0.74132,0.81835,1.1815,0.88982,0.78729,0.87693,0.75114,0.58993,0.57275,0.98925,0.000180383,0.000180383,0.000180383
90,6011.05,0.74233,0.82771,1.18966,0.87711,0.78717,0.87833,0.75249,0.58837,0.56341,0.98933,0.00015265,0.00015265,0.00015265
91,6080.41,0.5592,0.61091,1.0239,0.90716,0.76383,0.87675,0.75038,0.58914,0.56444,0.99462,0.000127236,0.000127236,0.000127236
92,6145.22,0.54193,0.5819,1.01602,0.91076,0.76635,0.8769,0.75154,0.58925,0.56453,0.99267,0.000104167,0.000104167,0.000104167
93,6209.11,0.55208,0.5995,1.02542,0.90752,0.76903,0.87489,0.7497,0.58329,0.56329,0.99106,8.34636e-05,8.34636e-05,8.34636e-05
94,6272.97,0.5462,0.57993,1.02023,0.89071,0.78251,0.87573,0.75068,0.5809,0.56114,0.98958,6.51479e-05,6.51479e-05,6.51479e-05
95,6336.48,0.5433,0.57902,1.01271,0.90499,0.76724,0.87665,0.7532,0.58152,0.56049,0.98875,4.92376e-05,4.92376e-05,4.92376e-05
96,6403.8,0.53966,0.58185,1.01432,0.90386,0.76387,0.8775,0.75318,0.58024,0.56265,0.98873,3.57484e-05,3.57484e-05,3.57484e-05
97,6473.33,0.54519,0.57035,1.01656,0.88147,0.78696,0.87784,0.75249,0.5795,0.56076,0.98751,2.46935e-05,2.46935e-05,2.46935e-05
98,6536.93,0.53856,0.57106,1.01121,0.91494,0.75842,0.87737,0.75357,0.5796,0.56029,0.98785,1.6084e-05,1.6084e-05,1.6084e-05
99,6606.37,0.54348,0.58027,1.01839,0.90956,0.76586,0.87745,0.75336,0.57955,0.55906,0.98785,9.92825e-06,9.92825e-06,9.92825e-06
100,6670.38,0.53995,0.5751,1.00777,0.89638,0.76752,0.87664,0.75146,0.58066,0.55929,0.98855,6.23237e-06,6.23237e-06,6.23237e-06
